accuracy,precision,recall,specificity,f1,f1_macro,balanced_accuracy,tn,fp,fn,tp,fpr,fnr,eer,auc,pr_auc,loss
0.8835688121402407,0.8959972032861387,0.9455819959417082,0.7323436797121008,0.9201220606713337,0.8527286617876688,0.8389628378269045,1628,595,295,5126,0.2676563202878992,0.05441800405829183,0.14633313592041344,0.9228658182143167,0.9516001021000723,0.40134415535762136
