accuracy,precision,recall,specificity,f1,f1_macro,balanced_accuracy,tn,fp,fn,tp,fpr,fnr,eer,auc,pr_auc,loss,domain,total
0.8505315822388994,0.894990366088632,0.929697272954716,0.455,0.9120137440176709,0.7079099861956866,0.692348636477358,364,436,281,3716,0.545,0.07030272704528397,0.25259475856892666,0.8096767888416313,0.9417364513435149,0.5176171400235399,FF++,4797
0.8784258608573436,0.8144690781796966,0.9803370786516854,0.7763713080168776,0.8897386870618228,0.8771324602106294,0.8783541933342816,552,159,14,698,0.22362869198312235,0.019662921348314606,0.06676089223913148,0.9710824286098072,0.9657073915379207,0.2929789042983856,Celeb-DF,1423
1.0,1.0,1.0,1.0,1.0,1.0,1.0,712,0,0,712,0.0,0.0,0.0,1.0,1.0000000000000002,0.1179453173045362,GAN,1424
